month,Gold_Sentiment
200-03,0.1747835057321936
200-04,0.14698477756035955
200-09,-0.026450598552342382
200-10,0.030245348811149597
200-11,-0.6108650664488474
200-12,-0.12693146181603276
201-03,0.15018609575927255
201-04,0.07001562050676773
201-09,-0.02978351857999098
201-10,0.13668664793173474
201-11,0.08841536442438758
201-12,-0.36222122112909955
2000-02,-0.183376282453537
2000-03,-0.3508789539337158
2000-04,0.1329089999198913
2000-05,0.1596956681460142
2000-06,0.15587044656276702
2000-07,-0.1568365953862667
2000-08,0.0892289876937866
2000-09,-0.0006322264671325684
2000-10,-0.1938486993312836
2000-11,-0.3214291334152221
2000-12,-0.14328196737915277
2001-01,-0.3570617586374283
2001-02,0.01519214594736698
2001-03,-0.12676238715648652
2001-04,-0.014783859252929688
2001-05,0.10639932751655579
2001-06,-0.0935959021250407
2001-07,0.5918448716402054
2001-09,-0.24869640668233237
2001-10,0.2800781391561031
2001-11,-0.1966099679470062
2001-12,0.0702267661690712
2002-01,-0.5125840157270432
2002-02,0.14560000002384185
2002-03,0.36811396798917223
2002-04,-0.48210339061915874
2002-05,-0.033405087577799954
2002-06,0.09096218906342982
2002-07,-0.2032142835003989
2002-08,-0.1595540295044581
2002-09,0.080800099670887
2002-10,-0.1803575912490487
2002-11,0.0432081595063209
2002-12,0.08264111558144743
2003-01,0.31242525080839795
2003-02,-0.3454347367088
2003-03,0.23759995698928837
2003-04,0.015066541158235981
2003-05,0.14255215326944987
2003-06,-0.045059646169344596
2003-07,0.014764314724339355
2003-08,-0.025820357286754764
2003-09,0.1139565006726318
2003-10,-0.11141199352485794
2003-11,-0.14572170997659364
2003-12,-0.014446311863139279
2004-01,-0.1449824055035909
2004-02,0.06318505461278716
2004-03,0.1733786215384801
2004-04,-0.3742312355474992
2004-05,-0.2563894914293831
2004-06,0.011610488999973674
2004-07,-0.19516084150031762
2004-08,-0.20442531783791149
2004-09,-0.12331666176517807
2004-10,-0.030302421718433108
2004-11,0.07514348761601881
2004-12,-0.07744451357345833
2005-01,-0.197487344377135
2005-02,-0.44722761237062514
2005-03,-0.0625645228040715
2005-04,0.3727973625063896
2005-05,0.0612512355049451
2005-06,0.07554198158058252
2005-07,-0.18701844399466233
2005-08,-0.04843881945399676
2005-09,0.3152748700873605
2005-10,-0.12101700328863584
2005-11,0.11037384949269749
2005-12,0.37693441544587797
2006-01,0.012340402851502093
2006-02,-0.07275147121399642
2006-03,-0.05849304132991368
2006-04,0.34147319160401823
2006-05,0.025607165111147846
2006-06,-0.02520812244007463
2006-07,0.022926490467328288
2006-08,-0.43382936471607536
2006-09,-0.15925412670229422
2006-10,-0.053233447004899834
2006-11,0.08628215293089549
2006-12,-0.3131845310844224
2007-01,-0.003891978199992861
2007-02,0.399339340981983
2007-03,-0.04689200116055353
2007-04,0.15952700920403004
2007-05,-0.3679749108850956
2007-06,-0.009238242386625354
2007-07,-0.10012564382382803
2007-08,0.14072064856688182
2007-09,0.17516656468311945
2007-10,-0.07904884703457356
2007-11,-0.3120439898754869
2007-12,-0.011876284082730596
2008-01,0.19119695905182096
2008-02,0.31595810546594505
2008-03,-0.00418237434781117
2008-04,0.02841453440487385
2008-05,-0.02071078838064122
2008-06,-0.059590316563844684
2008-07,-0.09917566813528537
2008-08,-0.37964902535984013
2008-09,-0.055733273858609406
2008-10,-0.06932185217738152
2008-11,0.12459828870164023
2008-12,0.007613241672515874
2009-01,-0.16347518514679826
2009-02,0.10301309603859078
2009-03,0.027505796689253577
2009-04,-0.2954077280703045
2009-05,0.1552816228094426
2009-06,-0.09107488867911426
2009-07,-0.1855689287185669
2009-08,-0.31761902685348803
2009-09,0.13638389296829703
2009-10,0.024419398470358417
2009-11,0.32461811490356923
2009-12,0.07549531826818433
2010-01,-0.07033961672674528
2010-02,0.1064718272536993
2010-03,0.00396150847276051
2010-04,0.047768141776323325
2010-05,0.20739707097204196
2010-06,0.10391369213660559
2010-07,-0.32974335432052615
2010-08,0.09440078912302852
2010-09,0.09805443702322064
2010-10,-0.09155705675948411
2010-11,-0.15285580005587604
2010-12,0.21852715098514006
2011-01,-0.19929431254665056
2011-02,0.26464774067464625
2011-03,0.17705334429488037
2011-04,0.21245527862593894
2011-05,-0.07262650110265788
2011-06,-0.1033971561800416
2011-07,0.1964930258691311
2011-08,0.12731914801062436
2011-09,-0.16520039015819157
2011-10,0.1468961215519075
2011-11,0.010142426519673686
2011-12,-0.020546063650832624
2012-01,0.2162824048815916
2012-02,0.23128342723592799
2012-03,0.0831143078394234
2012-04,0.18866926664486527
2012-05,-0.39869957938790324
2012-06,0.009585893442553848
2012-07,-0.007935661649288144
2012-08,0.17769583887778795
2012-09,0.16019406253772397
2012-10,-0.10796486411530239
2012-11,-0.00578726852243698
2012-12,-0.14823104230473277
2013-01,-0.08277909999283461
2013-02,-0.06857771821025956
2013-03,-0.07844673880076004
2013-04,-0.24537124938451418
2013-05,-0.23849343110082877
2013-06,-0.31351882022093325
2013-07,0.03862165404626956
2013-08,0.08243380005246605
2013-09,-0.33328963474172063
2013-10,0.025641019876096762
2013-11,-0.1207505883450838
2013-12,-0.23866283499889754
2014-01,0.05014709671658853
2014-02,0.1158731222354077
2014-03,-0.04781308010793649
2014-04,-6.762291513273843e-06
2014-05,-0.2640702136508796
2014-06,0.039656069106422366
2014-07,-0.13527460814668582
2014-08,-0.10263627916574478
2014-09,-0.1804767061202299
2014-10,-0.04166164303508898
2014-11,-0.3152052850276232
2014-12,-0.017320133280009035
2015-01,0.07869435610567652
2015-02,-0.19839589655972445
2015-03,-0.020601655310019843
2015-04,-0.15952285721495346
2015-05,0.02037710299895655
2015-06,-0.06262682980069749
2015-07,-0.34378767649660696
2015-08,-0.05281535520528754
2015-09,-0.12350032259436215
2015-10,-0.21948781715972085
2015-11,-0.33661530604181084
2015-12,-0.14374475263278275
2016-01,-0.00843944488601252
2016-02,0.04565562658450182
2016-03,-0.08828323893249036
2016-04,0.1975726879182014
2016-05,-0.19544059306383132
2016-06,0.014257470704615118
2016-07,0.13846355941875474
2016-08,-0.17060852251015604
2016-09,-0.22882857040635177
2016-10,-0.08035369201873739
2016-11,-0.24973710392838094
2016-12,-0.2876073170119702
2017-01,0.011256431376463488
2017-02,-0.005903491288199473
2017-03,-0.2877643217060079
2017-04,0.05843375603909846
2017-05,0.023139889959892825
2017-06,-0.23218942399508033
2017-07,0.07096064265129291
2017-08,-0.06535059855656421
2017-09,-0.14493175549903
2017-10,-0.16124883455044606
2017-11,-0.10749223171919585
2017-12,0.05001997544376318
2018-01,-0.039888902637763186
2018-02,-0.1320414138073572
2018-03,-0.15967340724110002
2018-04,0.053962819562372505
2018-05,-0.10527967516202154
2018-06,-0.18862202878449566
2018-07,-0.2913831589287337
2018-08,-0.0562651379262669
2018-09,-0.07015575804851122
2018-10,0.032358467056782865
2018-11,0.01251982489822211
2018-12,0.12844208817114122
2019-01,0.24186857923865318
2019-02,0.0446453168988227
