month,NIFTY_Sentiment
2014-11,-0.0304
2016-09,-0.23209999999999997
2016-10,0.003199999999999998
2017-03,0.03983333333333334
2017-11,0.006900000000000003
2017-12,0.8548
2018-06,0.016300000000000002
2020-03,0.9096
2020-09,0.124
2021-01,-0.025683333333333332
2021-03,0.7172000000000001
2021-05,0.4316
2021-06,0.5308999999999999
2021-10,-0.003599999999999999
2021-11,0.5871333333333334
2022-02,-0.40349999999999997
2022-03,0.03205
2022-04,-0.10210000000000001
2022-05,0.31165714285714285
2022-06,-0.3349333333333333
2022-08,0.0825
2022-09,0.41622000000000003
2022-10,-0.26166666666666666
2022-11,0.43024999999999997
2022-12,0.033299999999999996
2023-01,-0.6236666666666667
2023-02,-0.017233333333333323
2023-05,0.057150000000000034
2023-06,0.39980000000000004
2023-08,0.2205
2023-09,-0.8512
2023-10,0.20809999999999998
2023-11,0.4985
2023-12,0.8523999999999999
2024-02,0.3509333333333333
2024-03,0.898
2024-04,0.11174814814814814
2024-05,0.26903333333333335
2024-06,-0.2428
2024-07,0.439575
2024-08,0.73224
2024-09,-0.74975
2024-10,0.42153999999999997
2024-11,-0.13394545454545456
2024-12,0.3656466666666667
2025-01,-0.08802352941176472
2025-02,0.11176666666666668
2025-03,0.045582352941176456
2025-04,-0.035721212121212126
2025-05,0.023088000000000008
2025-06,0.11023166666666667
2025-07,0.027206511627906972
2025-08,0.14792928176795578
2025-09,0.16229039145907473
2025-10,0.1066781007751938
2025-11,0.13190442857142856
2025-12,0.09147859690844233
2026-01,-0.04316920792079208
2026-02,0.06019791323448655
2026-03,-0.06849969869434215
