month,OIL_Sentiment
2019-01,-0.25564548652619123
2019-02,-0.18208848795405141
2019-03,-0.209242126904428
2019-04,0.1021398993829886
2019-05,-0.02305000238120558
2019-06,-0.04704876190849712
2019-07,-0.24151528736247735
2019-08,-0.1764881665419255
2019-09,-0.23209980204701425
2019-10,0.04805244369940325
2019-11,-0.16129757157496868
2019-12,-0.19706007856875657
2020-01,-0.19241029008602104
2020-02,-0.16199988406151536
2020-03,-0.16310929161097326
2020-04,-0.3054160964157846
2020-05,-0.31713722720742227
2020-06,-0.018451187552677297
2020-07,-0.17239632759065854
2020-08,-0.24398393835872415
2020-09,-0.10283496230840682
2020-10,-0.06000480707734824
2020-11,-0.17963595659686973
2020-12,-0.1747664043849165
2021-01,0.036816508932547135
2021-02,0.10493585602803662
2021-03,0.02954070682504346
2021-04,-0.34712038282305
2021-05,-0.2197614891661538
2021-06,0.15693346567844088
2021-07,-0.13416015649480478
2021-08,-0.02258297481707164
2021-09,0.038513373169634074
2021-10,-0.21152323880232873
2021-11,-0.10459538108032
2021-12,0.13346002783094132
2022-01,-0.07671334025891202
2022-02,-0.12671959131956098
2022-03,-0.07322309683151741
2022-04,-0.01615568806132502
2022-05,-0.054265227152459454
2022-06,-0.16904998063977997
2022-07,-0.2419470681480187
2022-08,-0.1275557039200135
2022-09,-0.1958577047272395
2022-10,-0.16404541725800795
2022-11,-0.1142020233468536
2022-12,0.0015496239520427653
2023-01,-0.1105265887977367
2023-02,-0.12525114448120195
2023-03,-0.1570376891325763
2023-04,-0.08278051704563051
2023-05,-0.06534198279182116
2023-06,-0.058850929921126775
2023-07,0.023428166899433795
2023-08,-0.09396539124039315
2023-09,0.02579730146824092
2023-10,0.027796424552798266
2023-11,-0.0064257953571787265
2023-12,-0.10135860394975638
2024-01,-0.019851306199350147
2024-02,-0.014355528423219773
2024-03,0.06843075166507881
2024-04,-0.04084183193396691
2024-05,-0.057424046479067535
2024-06,0.012023763101735072
2024-07,-0.008527542895602964
2024-08,-0.031101683053271025
2024-09,-0.0706643768451141
2024-10,0.001950632291951331
2024-11,0.056573748018918096
2024-12,-0.041427371719627515
2025-01,-0.02755448485571725
2025-02,-0.05847848645450986
2025-03,-0.060298389799215577
2025-04,0.007165112170277771
2025-05,0.0271147160455879
2025-06,-0.041360036789181646
2025-07,-0.043693113133542294
2025-08,0.007014559937342429
2025-09,0.07060188428343585
2025-10,0.04652520810175715
2025-11,-0.031470475569650706
2025-12,-0.026639824645202047
2026-01,-0.030976652359480362
2026-02,-0.027218421366775318
2026-03,-0.13859122451334904
