month,SP500_Sentiment
2006-12,0.6746761566666667
2007-01,0.5175616175
2007-02,0.812039435
2007-04,-0.5730051436666667
2007-05,0.09542068720000002
2007-07,0.7350554176666666
2007-08,-0.21377363046000003
2007-09,0.04103027600000001
2007-10,-0.163469837
2007-11,-0.01442224285714287
2007-12,-0.18573655400000003
2008-01,-0.2044394025
2008-02,-0.30835176366666667
2008-03,-0.005555325
2008-04,-0.45724771115
2008-05,-0.17081340175000004
2008-06,0.09330661016666665
2008-07,-0.16686812185714286
2008-08,0.13985678333333332
2008-09,-0.36387007316666664
2008-10,-0.38667329658571425
2008-11,-0.085951750425
2008-12,-0.117743085125
2009-01,0.16602877028000002
2009-02,-0.081671813
2009-03,0.030125151375
2009-04,-0.0129609348
2009-05,-0.4782334917
2009-06,0.05997198212000001
2009-07,-0.07283046700000001
2009-08,0.07144819033333333
2009-09,-0.14224603866666666
2009-10,0.007473659900000001
2009-11,0.04703913700000001
2009-12,-0.1384848052
2010-01,-0.05749994611111112
2010-02,-0.5502066796666667
2010-03,-0.07771085769
2010-04,0.07531091382142859
2010-05,0.27527526746111114
2010-06,-0.06547052286666667
2010-07,-0.17706512294615384
2010-08,-0.07687254764166666
2010-09,-0.05197251666666667
2010-10,-0.16837310135
2010-11,-0.323849053875
2010-12,0.15479341224999998
2011-01,-0.3579271055
2011-02,0.00983417445000001
2011-03,-0.18270072352222222
2011-04,-0.209968742475
2011-05,-0.25336712806666667
2011-06,-0.23934793417777778
2011-07,-0.3597345112
2011-08,-0.37565178066666666
2011-09,-0.20096931666666665
2011-10,-0.1212167765
2011-11,-0.2552943443333333
2011-12,-0.29057791042857145
2012-01,-0.13236098253636364
2012-02,-0.19906984014285717
2012-03,-0.147513682
2012-04,-0.6201207596666667
2012-05,-0.05488066983333334
2012-06,0.0036917483333333326
2012-07,-0.10492798400000002
2012-08,0.7611086
2012-09,0.70109569
2012-10,-0.247646163747482
2012-11,-0.324689650685
2012-12,-0.28467155
2013-01,-0.350093427
2013-02,-0.0614822025
2013-03,-0.240376146
2013-04,-0.26801075108333333
2013-05,-0.08608448533333332
2013-06,-0.2282751165
2013-07,-0.5470383955555556
2013-08,-0.249741624
2013-09,0.027970252999999983
2013-10,0.12583072075714283
2013-11,-0.626711534
2013-12,-0.12857243575
2014-01,-0.12389531000000001
2014-02,-0.37025807714285713
2014-03,0.11270534175000001
2014-04,-0.08799942924999998
2014-05,-0.121819325
2014-06,-0.3263077543529412
2014-07,-0.22045980555555555
2014-08,-0.16946283499999998
2014-09,-0.08092986433333332
2014-10,-0.24692362954545455
2014-11,-0.10241713000000001
2014-12,-0.42059673399999997
2015-01,-0.6840343906875
2015-02,-0.1715174709475
2015-03,-0.13884285229999999
2015-04,-0.3956631617272727
2015-05,-0.43462006508333334
2015-06,0.11803971314285715
2015-07,-0.5320924404444445
2015-08,0.05586922142857143
2015-09,-0.26082093575
2015-10,-0.3831948817692308
2015-11,-0.22781210459166665
2015-12,-0.2914361542857143
2016-01,-0.43202395000000005
2016-02,-0.23524112227272728
2016-03,-0.2155335513
2016-04,-0.1430335249411765
2016-05,-0.3736031235
2016-06,-0.159931417
2016-07,-0.35152894058823536
2016-08,-0.070009628125
2016-09,-0.02833145349999999
2016-10,-0.4802809099473684
2016-11,-0.1840665547
2016-12,-0.33514143041538463
2017-01,0.0401291424047619
2017-02,-0.33923352625
2017-03,0.030130889695652176
2017-04,-0.2016535492857143
2017-05,-0.3196907605714286
2017-06,-0.13325507273684212
2017-07,-0.28311558454761904
2017-08,-0.32108386795454547
2017-09,-0.20185100007692308
2017-10,-0.24496863504
2017-11,-0.23002726635294118
2017-12,-0.11261585953333333
2018-01,-0.15293600847058825
2018-02,-0.02140990608333333
2018-03,-0.24023020425000002
2018-04,-0.03355630717391304
2018-05,-0.09140415392
2018-06,-0.23483834886363636
2018-07,-0.27256128510344824
2018-08,-0.25342887284615384
2018-09,-0.2737798730652174
2018-10,-0.1914966913
2018-11,-0.31715006595238093
2018-12,-0.29204701079
2019-01,-0.31184488225862067
2019-02,-0.17885034240625
2019-03,-0.1434125468875
2019-04,-0.16180035260869563
2019-05,-0.2145682356012121
2019-06,-0.19423575608695653
2019-07,-0.2710715472
2019-08,-0.25685288055555555
2019-09,-0.2642568053473684
2019-10,-0.22643688528409092
2019-11,0.023880197769999993
2019-12,0.057057707217391306
2020-01,-0.023778945125
2020-02,-0.4217380302692308
2020-03,-0.294350958032258
2020-04,-0.4286528896113043
2020-05,-0.147351278
2020-06,-0.058267460599999994
2020-07,-0.15870225191764703
2020-08,-0.15986560207407408
2020-09,0.0713048562962963
2020-10,-0.06776881685714285
2020-11,0.035672371538461534
2020-12,0.12049541123846154
2021-01,-0.05034214968
2021-02,-0.1949316133
2021-03,-0.007625460147058815
2021-04,0.07270702901612902
2021-05,0.027019443769230784
2021-06,0.08336913487499999
2021-07,-0.10134203762608697
2021-08,0.037074319352941185
2021-09,-0.29551522007407405
2021-10,0.09065268013513514
2021-11,0.09943891275714287
2021-12,-0.0382154002275862
2022-01,-0.09060899182833333
2022-02,-0.329337392
2022-03,-0.13650733379512195
2022-04,0.009011793915909097
2022-05,-0.4219304743225807
2022-06,-0.1478530144413793
2022-07,-0.24407931094594598
2022-08,-0.3271196556758621
2022-09,-0.07933280056097561
2022-10,-0.1600305508078125
2022-11,-0.2091116077142857
2022-12,-0.28829227030000004
2023-01,-0.17269567437037037
2023-02,-0.15566853298
2023-03,-0.15258532873541666
2023-04,-0.21458284562357144
2023-05,-0.23473646794366196
2023-06,0.10606624898412698
2023-07,-0.006111254671014491
2023-08,-0.13568062653571428
2023-09,-0.0668164433566265
2023-10,-0.11115729600660378
2023-11,-0.0403280510521739
2023-12,0.10092348823809524
2024-01,0.017143653944927537
2024-02,0.021667407130468747
2024-03,0.05678030794268293
2024-04,0.005213638815789475
